model,acc,pre,re,wF1
GLM_4_Flash,68.43,54.98,4.95,9.08
Claude-3.7-sonnet,58.51,71.88,4.82,9.04
GPT4,71.89,43.44,4.49,8.14
Gemini_2.0_exp,91.16,12.01,5.17,7.22
llama-3.3-70b-versatile,81.36,28.59,4.71,8.09
QWen2.5_72B,84.6,22.59,4.68,7.76
DeepSeek-V3,77.12,41.07,5.27,9.34
Grok3,85.25,18.48,4.1,6.7
